<?xml version="1.0" encoding="UTF-8"?>
<project-private xmlns="http://www.netbeans.org/ns/project-private/1">
    <editor-bookmarks xmlns="http://www.netbeans.org/ns/editor-bookmarks/2" lastBookmarkId="0"/>
    <open-files xmlns="http://www.netbeans.org/ns/projectui-open-files/2">
        <group>
            <file>file:/D:/xampp/htdocs/rudp/publicweb/app/views/layouts/managelayout.php</file>
            <file>file:/D:/xampp/htdocs/rudp/publicweb/app/views/tplspublicpages/footer.php</file>
            <file>file:/D:/xampp/htdocs/rudp/publicweb/assets/css/publicmain.css</file>
            <file>file:/D:/xampp/htdocs/rudp/publicweb/app/views/layouts/layout.php</file>
            <file>file:/D:/xampp/htdocs/rudp/publicweb/assets/thirdparty/bootstrap/css/bootstrap.min.css</file>
            <file>file:/D:/xampp/htdocs/rudp/publicweb/app/views/tplspublicpages/home.php</file>
            <file>file:/D:/xampp/htdocs/rudp/publicweb/app/views/tplspublicpages/header.php</file>
            <file>file:/D:/xampp/htdocs/rudp/publicweb/assets/js/publicmain1.js</file>
        </group>
    </open-files>
</project-private>
